{"Version":1,"ManifestType":"Publish","Endpoints":[{"Route":"default.html","AssetFile":"default.html","Selectors":[],"ResponseHeaders":[{"Name":"Accept-Ranges","Value":"bytes"},{"Name":"Cache-Control","Value":"no-cache"},{"Name":"Content-Length","Value":"19400"},{"Name":"Content-Type","Value":"text/html"},{"Name":"ETag","Value":"\"+vxaZfgcGWSvAdd8Pafc+fdT+Bv4lsAxePBSU0clDnk=\""},{"Name":"Last-Modified","Value":"Tue, 15 Jul 2025 14:07:13 GMT"}],"EndpointProperties":[{"Name":"integrity","Value":"sha256-+vxaZfgcGWSvAdd8Pafc+fdT+Bv4lsAxePBSU0clDnk="}]},{"Route":"default.ydpye0c7xr.html","AssetFile":"default.html","Selectors":[],"ResponseHeaders":[{"Name":"Accept-Ranges","Value":"bytes"},{"Name":"Cache-Control","Value":"max-age=31536000, immutable"},{"Name":"Content-Length","Value":"19400"},{"Name":"Content-Type","Value":"text/html"},{"Name":"ETag","Value":"\"+vxaZfgcGWSvAdd8Pafc+fdT+Bv4lsAxePBSU0clDnk=\""},{"Name":"Last-Modified","Value":"Tue, 15 Jul 2025 14:07:13 GMT"}],"EndpointProperties":[{"Name":"fingerprint","Value":"ydpye0c7xr"},{"Name":"integrity","Value":"sha256-+vxaZfgcGWSvAdd8Pafc+fdT+Bv4lsAxePBSU0clDnk="},{"Name":"label","Value":"default.html"}]}]}